lat,lon,alt_m,date,time,fix
43.002048,-78.786688,187.5,09/03/2026,23:03:08.000 UTC,VALID
43.002048,-78.786688,187.5,09/03/2026,23:03:08.000 UTC,VALID
43.002048,-78.786696,187.5,09/03/2026,23:03:18.000 UTC,VALID
43.002048,-78.786696,187.5,09/03/2026,23:03:18.000 UTC,VALID
43.002048,-78.786696,187.5,09/03/2026,23:03:28.000 UTC,VALID
43.002048,-78.786696,187.5,09/03/2026,23:03:28.000 UTC,VALID
43.002048,-78.786696,187.5,09/03/2026,23:03:38.000 UTC,VALID
43.002048,-78.786696,187.5,09/03/2026,23:03:38.000 UTC,VALID
43.002048,-78.786696,187.5,09/03/2026,23:03:48.000 UTC,VALID
43.002048,-78.786696,187.5,09/03/2026,23:03:48.000 UTC,VALID
43.002048,-78.786696,187.5,09/03/2026,23:03:58.000 UTC,VALID
43.002048,-78.786696,187.5,09/03/2026,23:03:58.000 UTC,VALID
43.002048,-78.786696,187.5,09/03/2026,23:03:68.000 UTC,VALID
43.002048,-78.786696,187.3,09/03/2026,23:03:68.000 UTC,VALID
43.002048,-78.786696,187.3,09/03/2026,23:03:78.000 UTC,VALID
43.002048,-78.786696,187.3,09/03/2026,23:03:78.000 UTC,VALID
43.002048,-78.786696,187.3,09/03/2026,23:03:88.000 UTC,VALID
43.002048,-78.786696,187.1,09/03/2026,23:03:88.000 UTC,VALID
43.002048,-78.786696,187.1,09/03/2026,,VALID
43.002048,-78.786696,187.2,09/03/2026,,VALID
43.002048,-78.786696,187.2,09/03/2026,23:04:08.000 UTC,VALID
43.002048,-78.786696,187.9,09/03/2026,23:04:08.000 UTC,VALID
43.002052,-78.786688,187.9,09/03/2026,23:04:18.000 UTC,VALID
43.002052,-78.786688,188.2,09/03/2026,23:04:18.000 UTC,VALID
43.002056,-78.786696,188.2,09/03/2026,23:04:28.000 UTC,VALID
43.002056,-78.786696,188.2,09/03/2026,23:04:28.000 UTC,VALID
43.002056,-78.786704,188.2,09/03/2026,23:04:38.000 UTC,VALID
43.002056,-78.786704,188.0,09/03/2026,23:04:38.000 UTC,VALID
43.00206,-78.78672,188.0,09/03/2026,23:04:48.000 UTC,VALID
43.00206,-78.78672,187.9,09/03/2026,23:04:48.000 UTC,VALID
43.00206,-78.786728,187.9,09/03/2026,23:04:58.000 UTC,VALID
43.00206,-78.786728,187.5,09/03/2026,23:04:58.000 UTC,VALID
43.002064,-78.786744,187.5,09/03/2026,23:04:68.000 UTC,VALID
43.002064,-78.786744,187.5,09/03/2026,23:04:68.000 UTC,VALID
43.002064,-78.786768,187.5,09/03/2026,23:04:78.000 UTC,VALID
43.002064,-78.786768,187.7,09/03/2026,23:04:78.000 UTC,VALID
43.002068,-78.786784,187.7,09/03/2026,23:04:88.000 UTC,VALID
43.002068,-78.786784,187.9,09/03/2026,23:04:88.000 UTC,VALID
43.002068,-78.7868,187.9,09/03/2026,,VALID
43.002068,-78.7868,187.8,09/03/2026,,VALID
43.002072,-78.786816,187.8,09/03/2026,23:05:08.000 UTC,VALID
43.002072,-78.786816,187.5,09/03/2026,23:05:08.000 UTC,VALID
43.002072,-78.786832,187.5,09/03/2026,23:05:18.000 UTC,VALID
43.002072,-78.786832,187.4,09/03/2026,23:05:18.000 UTC,VALID
43.002072,-78.786848,187.4,09/03/2026,23:05:28.000 UTC,VALID
43.002072,-78.786848,187.2,09/03/2026,23:05:28.000 UTC,VALID
43.002068,-78.786864,187.2,09/03/2026,23:05:38.000 UTC,VALID
43.002068,-78.786864,186.8,09/03/2026,23:05:38.000 UTC,VALID
43.002068,-78.786888,186.8,09/03/2026,23:05:48.000 UTC,VALID
43.002068,-78.786888,187.1,09/03/2026,23:05:48.000 UTC,VALID
43.002068,-78.786904,187.1,09/03/2026,23:05:58.000 UTC,VALID
43.002068,-78.786904,187.5,09/03/2026,23:05:58.000 UTC,VALID
43.002068,-78.78692,187.5,09/03/2026,23:05:68.000 UTC,VALID
43.002068,-78.78692,187.4,09/03/2026,23:05:68.000 UTC,VALID
43.002068,-78.786936,187.4,09/03/2026,23:05:78.000 UTC,VALID
43.002068,-78.786936,187.2,09/03/2026,23:05:78.000 UTC,VALID
43.002068,-78.786952,187.2,09/03/2026,23:05:88.000 UTC,VALID
43.002068,-78.786952,187.4,09/03/2026,23:05:88.000 UTC,VALID
43.002072,-78.786968,187.4,09/03/2026,,VALID
43.002072,-78.786968,187.3,09/03/2026,,VALID
43.002072,-78.786976,187.3,09/03/2026,23:10:08.000 UTC,VALID
43.002072,-78.786976,187.1,09/03/2026,23:10:08.000 UTC,VALID
43.002072,-78.786992,187.1,09/03/2026,23:10:18.000 UTC,VALID
43.002072,-78.786992,187.0,09/03/2026,23:10:18.000 UTC,VALID
43.002072,-78.787008,187.0,09/03/2026,23:10:28.000 UTC,VALID
43.002072,-78.787008,187.2,09/03/2026,23:10:28.000 UTC,VALID
43.002072,-78.787024,187.2,09/03/2026,23:10:38.000 UTC,VALID
43.002072,-78.787024,187.0,09/03/2026,23:10:38.000 UTC,VALID
43.002072,-78.78704,187.0,09/03/2026,23:10:48.000 UTC,VALID
43.002072,-78.78704,186.6,09/03/2026,23:10:48.000 UTC,VALID
43.00208,-78.787056,186.6,09/03/2026,23:10:58.000 UTC,VALID
43.00208,-78.787056,185.9,09/03/2026,23:10:58.000 UTC,VALID
43.002084,-78.787072,185.9,09/03/2026,23:10:68.000 UTC,VALID
43.002084,-78.787072,185.4,09/03/2026,23:10:68.000 UTC,VALID
43.002084,-78.787096,185.4,09/03/2026,23:10:78.000 UTC,VALID
43.002084,-78.787096,186.1,09/03/2026,23:10:78.000 UTC,VALID
43.00208,-78.78712,186.1,09/03/2026,23:10:88.000 UTC,VALID
43.00208,-78.78712,186.4,09/03/2026,23:10:88.000 UTC,VALID
43.002076,-78.787136,186.4,09/03/2026,,VALID
43.002076,-78.787136,186.7,09/03/2026,,VALID
43.00208,-78.787144,186.7,09/03/2026,23:11:08.000 UTC,VALID
43.00208,-78.787144,186.3,09/03/2026,23:11:08.000 UTC,VALID
43.00208,-78.78716,186.3,09/03/2026,23:11:18.000 UTC,VALID
43.00208,-78.78716,186.2,09/03/2026,23:11:18.000 UTC,VALID
43.00208,-78.787176,186.2,09/03/2026,23:11:28.000 UTC,VALID
43.00208,-78.787176,186.3,09/03/2026,23:11:28.000 UTC,VALID
43.002084,-78.787192,186.3,09/03/2026,23:11:38.000 UTC,VALID
43.002084,-78.787192,186.5,09/03/2026,23:11:38.000 UTC,VALID
43.002084,-78.787216,186.5,09/03/2026,23:11:48.000 UTC,VALID
43.002084,-78.787216,186.7,09/03/2026,23:11:48.000 UTC,VALID
43.00208,-78.787232,186.7,09/03/2026,23:11:58.000 UTC,VALID
43.00208,-78.787232,186.5,09/03/2026,23:11:58.000 UTC,VALID
43.00208,-78.787256,186.5,09/03/2026,23:11:68.000 UTC,VALID
43.00208,-78.787256,186.3,09/03/2026,23:11:68.000 UTC,VALID
43.00208,-78.787272,186.3,09/03/2026,23:11:78.000 UTC,VALID
43.00208,-78.787272,186.1,09/03/2026,23:11:78.000 UTC,VALID
43.00208,-78.787288,186.1,09/03/2026,23:11:88.000 UTC,VALID
43.00208,-78.787288,185.9,09/03/2026,23:11:88.000 UTC,VALID
43.00208,-78.787304,185.9,09/03/2026,,VALID
43.00208,-78.787304,185.4,09/03/2026,,VALID
43.002076,-78.787312,185.4,09/03/2026,23:12:08.000 UTC,VALID
43.002076,-78.787312,186.4,09/03/2026,23:12:08.000 UTC,VALID
43.002072,-78.787336,186.4,09/03/2026,23:12:18.000 UTC,VALID
43.002072,-78.787336,185.9,09/03/2026,23:12:18.000 UTC,VALID
43.002068,-78.787352,185.9,09/03/2026,23:12:28.000 UTC,VALID
43.002068,-78.787352,186.1,09/03/2026,23:12:28.000 UTC,VALID
43.002068,-78.787368,186.1,09/03/2026,23:12:38.000 UTC,VALID
43.002068,-78.787368,186.3,09/03/2026,23:12:38.000 UTC,VALID
43.002064,-78.787384,186.3,09/03/2026,23:12:48.000 UTC,VALID
43.002064,-78.787384,186.3,09/03/2026,23:12:48.000 UTC,VALID
43.002064,-78.787408,186.3,09/03/2026,23:12:58.000 UTC,VALID
43.002064,-78.787408,186.6,09/03/2026,23:12:58.000 UTC,VALID
43.002064,-78.787416,186.6,09/03/2026,23:12:68.000 UTC,VALID
43.002064,-78.787416,186.2,09/03/2026,23:12:68.000 UTC,VALID
43.00206,-78.787424,186.2,09/03/2026,23:12:78.000 UTC,VALID
43.00206,-78.787424,185.7,09/03/2026,23:12:78.000 UTC,VALID
43.002048,-78.787432,185.7,09/03/2026,23:12:88.000 UTC,VALID
43.002048,-78.787432,185.8,09/03/2026,23:12:88.000 UTC,VALID
43.002032,-78.78744,185.8,09/03/2026,,VALID
43.002032,-78.78744,186.3,09/03/2026,,VALID
43.00202,-78.787448,186.3,09/03/2026,23:13:08.000 UTC,VALID
43.00202,-78.787448,186.3,09/03/2026,23:13:08.000 UTC,VALID
43.002012,-78.787448,186.3,09/03/2026,23:13:18.000 UTC,VALID
43.002012,-78.787448,186.1,09/03/2026,23:13:18.000 UTC,VALID
43.002,-78.787456,186.1,09/03/2026,23:13:28.000 UTC,VALID
43.002,-78.787456,185.9,09/03/2026,23:13:28.000 UTC,VALID
43.001988,-78.787456,185.9,09/03/2026,23:13:38.000 UTC,VALID
43.001988,-78.787456,186.3,09/03/2026,23:13:38.000 UTC,VALID
43.001968,-78.787464,186.3,09/03/2026,23:13:48.000 UTC,VALID
43.001968,-78.787464,186.9,09/03/2026,23:13:48.000 UTC,VALID
43.001952,-78.787464,186.9,09/03/2026,23:13:58.000 UTC,VALID
43.001952,-78.787464,187.6,09/03/2026,23:13:58.000 UTC,VALID
43.00194,-78.787464,187.6,09/03/2026,23:13:68.000 UTC,VALID
43.00194,-78.787464,187.3,09/03/2026,23:13:68.000 UTC,VALID
43.001928,-78.787464,187.3,09/03/2026,23:13:78.000 UTC,VALID
43.001928,-78.787464,188.1,09/03/2026,23:13:78.000 UTC,VALID
43.001912,-78.78748,188.1,09/03/2026,23:13:88.000 UTC,VALID
43.001912,-78.78748,190.3,09/03/2026,23:13:88.000 UTC,VALID
43.001896,-78.78748,190.3,09/03/2026,,VALID
43.001896,-78.78748,190.8,09/03/2026,,VALID
43.001888,-78.787488,190.8,09/03/2026,23:14:08.000 UTC,VALID
43.001888,-78.787488,190.2,09/03/2026,23:14:08.000 UTC,VALID
43.001876,-78.787488,190.2,09/03/2026,23:14:18.000 UTC,VALID
43.001876,-78.787488,190.0,09/03/2026,23:14:18.000 UTC,VALID
43.001864,-78.78748,190.0,09/03/2026,23:14:28.000 UTC,VALID
43.001864,-78.78748,189.9,09/03/2026,23:14:28.000 UTC,VALID
43.001856,-78.787464,189.9,09/03/2026,23:14:38.000 UTC,VALID
43.001856,-78.787464,189.4,09/03/2026,23:14:38.000 UTC,VALID
43.001852,-78.787456,189.4,09/03/2026,23:14:48.000 UTC,VALID
43.001852,-78.787456,188.8,09/03/2026,23:14:48.000 UTC,VALID
43.001852,-78.78744,188.8,09/03/2026,23:14:58.000 UTC,VALID
43.001852,-78.78744,188.2,09/03/2026,23:14:58.000 UTC,VALID
43.001852,-78.787416,188.2,09/03/2026,23:14:68.000 UTC,VALID
43.001852,-78.787416,188.5,09/03/2026,23:14:68.000 UTC,VALID
43.001848,-78.7874,188.5,09/03/2026,23:14:78.000 UTC,VALID
43.001848,-78.7874,188.7,09/03/2026,23:14:78.000 UTC,VALID
43.001844,-78.787384,188.7,09/03/2026,23:14:88.000 UTC,VALID
43.001844,-78.787384,188.3,09/03/2026,23:14:88.000 UTC,VALID
43.001844,-78.787368,188.3,09/03/2026,,VALID
43.001844,-78.787368,188.0,09/03/2026,,VALID
43.001844,-78.787352,188.0,09/03/2026,23:15:08.000 UTC,VALID
43.001844,-78.787352,188.1,09/03/2026,23:15:08.000 UTC,VALID
43.001848,-78.787336,188.1,09/03/2026,23:15:18.000 UTC,VALID
43.001848,-78.787336,188.1,09/03/2026,23:15:18.000 UTC,VALID
43.001848,-78.78732,188.1,09/03/2026,23:15:28.000 UTC,VALID
43.001848,-78.78732,187.9,09/03/2026,23:15:28.000 UTC,VALID
43.001848,-78.787304,187.9,09/03/2026,23:15:38.000 UTC,VALID
43.001848,-78.787304,187.7,09/03/2026,23:15:38.000 UTC,VALID
43.001852,-78.787288,187.7,09/03/2026,23:15:48.000 UTC,VALID
43.001852,-78.787288,187.3,09/03/2026,23:15:48.000 UTC,VALID
43.001852,-78.787264,187.3,09/03/2026,23:15:58.000 UTC,VALID
43.001852,-78.787264,187.5,09/03/2026,23:15:58.000 UTC,VALID
43.001852,-78.787248,187.5,09/03/2026,23:15:68.000 UTC,VALID
43.001852,-78.787248,187.6,09/03/2026,23:15:68.000 UTC,VALID
43.001848,-78.787232,187.6,09/03/2026,23:15:78.000 UTC,VALID
43.001848,-78.787232,187.2,09/03/2026,23:15:78.000 UTC,VALID
43.001848,-78.787216,187.2,09/03/2026,23:15:88.000 UTC,VALID
43.001848,-78.787216,187.1,09/03/2026,23:15:88.000 UTC,VALID
43.001848,-78.7872,187.1,09/03/2026,,VALID
43.001848,-78.7872,186.8,09/03/2026,,VALID
43.001844,-78.787176,186.8,09/03/2026,23:20:08.000 UTC,VALID
43.001844,-78.787176,186.9,09/03/2026,23:20:08.000 UTC,VALID
43.001844,-78.78716,186.9,09/03/2026,23:20:18.000 UTC,VALID
43.001844,-78.78716,186.7,09/03/2026,23:20:18.000 UTC,VALID
43.00184,-78.787144,186.7,09/03/2026,23:20:28.000 UTC,VALID
43.00184,-78.787144,186.8,09/03/2026,23:20:28.000 UTC,VALID
43.001844,-78.787136,186.8,09/03/2026,23:20:38.000 UTC,VALID
43.001844,-78.787136,186.6,09/03/2026,23:20:38.000 UTC,VALID
43.00184,-78.78712,186.6,09/03/2026,23:20:48.000 UTC,VALID
43.00184,-78.78712,187.0,09/03/2026,23:20:48.000 UTC,VALID
43.00184,-78.787104,187.0,09/03/2026,23:20:58.000 UTC,VALID
43.00184,-78.787104,186.6,09/03/2026,23:20:58.000 UTC,VALID
43.001836,-78.787088,186.6,09/03/2026,23:20:68.000 UTC,VALID
43.001836,-78.787088,186.3,09/03/2026,23:20:68.000 UTC,VALID
43.001836,-78.787072,186.3,09/03/2026,23:20:78.000 UTC,VALID
43.001836,-78.787072,186.3,09/03/2026,23:20:78.000 UTC,VALID
43.001832,-78.787056,186.3,09/03/2026,23:20:88.000 UTC,VALID
43.001832,-78.787056,186.4,09/03/2026,23:20:88.000 UTC,VALID
43.001832,-78.787032,186.4,09/03/2026,,VALID
43.001832,-78.787032,186.6,09/03/2026,,VALID
43.001832,-78.787016,186.6,09/03/2026,23:21:08.000 UTC,VALID
43.001832,-78.787016,186.5,09/03/2026,23:21:08.000 UTC,VALID
43.001832,-78.787,186.5,09/03/2026,23:21:18.000 UTC,VALID
43.001832,-78.787,186.7,09/03/2026,23:21:18.000 UTC,VALID
43.001828,-78.786984,186.7,09/03/2026,23:21:28.000 UTC,VALID
43.001828,-78.786984,187.2,09/03/2026,23:21:28.000 UTC,VALID
43.001824,-78.786976,187.2,09/03/2026,23:21:38.000 UTC,VALID
43.001824,-78.786976,187.2,09/03/2026,23:21:38.000 UTC,VALID
43.00182,-78.78696,187.2,09/03/2026,23:21:48.000 UTC,VALID
43.00182,-78.78696,187.2,09/03/2026,23:21:48.000 UTC,VALID
43.00182,-78.786944,187.2,09/03/2026,23:21:58.000 UTC,VALID
43.00182,-78.786944,186.8,09/03/2026,23:21:58.000 UTC,VALID
43.001812,-78.78692,186.8,09/03/2026,23:21:68.000 UTC,VALID
43.001812,-78.78692,187.4,09/03/2026,23:21:68.000 UTC,VALID
43.001812,-78.786904,187.4,09/03/2026,23:21:78.000 UTC,VALID
43.001812,-78.786904,187.4,09/03/2026,23:21:78.000 UTC,VALID
43.001812,-78.786888,187.4,09/03/2026,23:21:88.000 UTC,VALID
43.001812,-78.786888,187.4,09/03/2026,23:21:88.000 UTC,VALID
43.001812,-78.786872,187.4,09/03/2026,,VALID
43.001812,-78.786872,187.3,09/03/2026,,VALID
43.001812,-78.786856,187.3,09/03/2026,23:22:08.000 UTC,VALID
43.001812,-78.786856,186.7,09/03/2026,23:22:08.000 UTC,VALID
43.001812,-78.786848,186.7,09/03/2026,23:22:18.000 UTC,VALID
43.001812,-78.786848,186.2,09/03/2026,23:22:18.000 UTC,VALID
43.001816,-78.786832,186.2,09/03/2026,23:22:28.000 UTC,VALID
43.001816,-78.786832,185.5,09/03/2026,23:22:28.000 UTC,VALID
43.001816,-78.786816,185.5,09/03/2026,23:22:38.000 UTC,VALID
43.001816,-78.786816,185.8,09/03/2026,23:22:38.000 UTC,VALID
43.001812,-78.7868,185.8,09/03/2026,23:22:48.000 UTC,VALID
43.001812,-78.7868,186.1,09/03/2026,23:22:48.000 UTC,VALID
43.001808,-78.786784,186.1,09/03/2026,23:22:58.000 UTC,VALID
43.001808,-78.786784,186.2,09/03/2026,23:22:58.000 UTC,VALID
43.001808,-78.786768,186.2,09/03/2026,23:22:68.000 UTC,VALID
43.001808,-78.786768,185.9,09/03/2026,23:22:68.000 UTC,VALID
43.001812,-78.786752,185.9,09/03/2026,23:22:78.000 UTC,VALID
43.001812,-78.786752,185.2,09/03/2026,23:22:78.000 UTC,VALID
43.001812,-78.786728,185.2,09/03/2026,23:22:88.000 UTC,VALID
43.001812,-78.786728,185.1,09/03/2026,23:22:88.000 UTC,VALID
43.001812,-78.786712,185.1,09/03/2026,,VALID
43.001812,-78.786712,185.0,09/03/2026,,VALID
43.001812,-78.786688,185.0,09/03/2026,23:23:08.000 UTC,VALID
43.001812,-78.786688,185.6,09/03/2026,23:23:08.000 UTC,VALID
43.001812,-78.78668,185.6,09/03/2026,23:23:18.000 UTC,VALID
43.001812,-78.78668,185.3,09/03/2026,23:23:18.000 UTC,VALID
43.001804,-78.786672,185.3,09/03/2026,23:23:28.000 UTC,VALID
43.001804,-78.786672,185.2,09/03/2026,23:23:28.000 UTC,VALID
43.001792,-78.786656,185.2,09/03/2026,23:23:38.000 UTC,VALID
43.001792,-78.786656,185.0,09/03/2026,23:23:38.000 UTC,VALID
43.001776,-78.786648,185.0,09/03/2026,23:23:48.000 UTC,VALID
43.001776,-78.786648,185.0,09/03/2026,23:23:48.000 UTC,VALID
43.001772,-78.78664,185.0,09/03/2026,23:23:58.000 UTC,VALID
43.001772,-78.78664,184.8,09/03/2026,23:23:58.000 UTC,VALID
43.001764,-78.786624,184.8,09/03/2026,23:23:68.000 UTC,VALID
43.001764,-78.786624,185.4,09/03/2026,23:23:68.000 UTC,VALID
43.001756,-78.786608,185.4,09/03/2026,23:23:78.000 UTC,VALID
43.001756,-78.786608,185.8,09/03/2026,23:23:78.000 UTC,VALID
43.001752,-78.786592,185.8,09/03/2026,23:23:88.000 UTC,VALID
43.001752,-78.786592,185.9,09/03/2026,23:23:88.000 UTC,VALID
43.001748,-78.786576,185.9,09/03/2026,,VALID
43.001748,-78.786576,185.8,09/03/2026,,VALID
43.001748,-78.78656,185.8,09/03/2026,23:24:08.000 UTC,VALID
43.001748,-78.78656,185.2,09/03/2026,23:24:08.000 UTC,VALID
43.001748,-78.786544,185.2,09/03/2026,23:24:18.000 UTC,VALID
43.001748,-78.786544,184.6,09/03/2026,23:24:18.000 UTC,VALID
43.001744,-78.786528,184.6,09/03/2026,23:24:28.000 UTC,VALID
43.001744,-78.786528,184.8,09/03/2026,23:24:28.000 UTC,VALID
43.001736,-78.786504,184.8,09/03/2026,23:24:38.000 UTC,VALID
43.001736,-78.786504,185.2,09/03/2026,23:24:38.000 UTC,VALID
43.001732,-78.786488,185.2,09/03/2026,23:24:48.000 UTC,VALID
43.001732,-78.786488,185.0,09/03/2026,23:24:48.000 UTC,VALID
43.001724,-78.78648,185.0,09/03/2026,23:24:58.000 UTC,VALID
43.001724,-78.78648,184.9,09/03/2026,23:24:58.000 UTC,VALID
43.00172,-78.786464,184.9,09/03/2026,23:24:68.000 UTC,VALID
43.00172,-78.786464,184.9,09/03/2026,23:24:68.000 UTC,VALID
43.00172,-78.786448,184.9,09/03/2026,23:24:78.000 UTC,VALID
43.00172,-78.786448,185.1,09/03/2026,23:24:78.000 UTC,VALID
43.00172,-78.786424,185.1,09/03/2026,23:24:88.000 UTC,VALID
43.00172,-78.786424,185.1,09/03/2026,23:24:88.000 UTC,VALID
43.00172,-78.786408,185.1,09/03/2026,,VALID
43.00172,-78.786408,185.0,09/03/2026,,VALID
43.001716,-78.786392,185.0,09/03/2026,23:25:08.000 UTC,VALID
43.001716,-78.786392,184.8,09/03/2026,23:25:08.000 UTC,VALID
43.00172,-78.786376,184.8,09/03/2026,23:25:18.000 UTC,VALID
43.00172,-78.786376,184.5,09/03/2026,23:25:18.000 UTC,VALID
43.00172,-78.786352,184.5,09/03/2026,23:25:28.000 UTC,VALID
43.00172,-78.786352,184.5,09/03/2026,23:25:28.000 UTC,VALID
43.00172,-78.786336,184.5,09/03/2026,23:25:38.000 UTC,VALID
43.00172,-78.786336,184.6,09/03/2026,23:25:38.000 UTC,VALID
43.00172,-78.78632,184.6,09/03/2026,23:25:48.000 UTC,VALID
43.00172,-78.78632,184.4,09/03/2026,23:25:48.000 UTC,VALID
43.00172,-78.786312,184.4,09/03/2026,23:25:58.000 UTC,VALID
43.00172,-78.786312,184.1,09/03/2026,23:25:58.000 UTC,VALID
43.001716,-78.786304,184.1,09/03/2026,23:25:68.000 UTC,VALID
43.001716,-78.786304,183.8,09/03/2026,23:25:68.000 UTC,VALID
43.001712,-78.786288,183.8,09/03/2026,23:25:78.000 UTC,VALID
43.001712,-78.786288,183.4,09/03/2026,23:25:78.000 UTC,VALID
43.001712,-78.786272,183.4,09/03/2026,23:25:88.000 UTC,VALID
43.001712,-78.786272,183.5,09/03/2026,23:25:88.000 UTC,VALID
43.001708,-78.786248,183.5,09/03/2026,,VALID
43.001708,-78.786248,183.7,09/03/2026,,VALID
43.001708,-78.786232,183.7,09/03/2026,23:30:08.000 UTC,VALID
43.001708,-78.786232,183.8,09/03/2026,23:30:08.000 UTC,VALID
43.001708,-78.786216,183.8,09/03/2026,23:30:18.000 UTC,VALID
43.001708,-78.786216,183.6,09/03/2026,23:30:18.000 UTC,VALID
43.001708,-78.786192,183.6,09/03/2026,23:30:28.000 UTC,VALID
43.001708,-78.786192,183.8,09/03/2026,23:30:28.000 UTC,VALID
43.001708,-78.786176,183.8,09/03/2026,23:30:38.000 UTC,VALID
43.001708,-78.786176,183.8,09/03/2026,23:30:38.000 UTC,VALID
43.001708,-78.78616,183.8,09/03/2026,23:30:48.000 UTC,VALID
43.001708,-78.78616,183.6,09/03/2026,23:30:48.000 UTC,VALID
43.001708,-78.786144,183.6,09/03/2026,23:30:58.000 UTC,VALID
43.001708,-78.786144,183.4,09/03/2026,23:30:58.000 UTC,VALID
43.001704,-78.786128,183.4,09/03/2026,23:30:68.000 UTC,VALID
43.001704,-78.786128,183.4,09/03/2026,23:30:68.000 UTC,VALID
43.0017,-78.786112,183.4,09/03/2026,23:30:78.000 UTC,VALID
43.0017,-78.786112,183.1,09/03/2026,23:30:78.000 UTC,VALID
43.001696,-78.786096,183.1,09/03/2026,23:30:88.000 UTC,VALID
43.001696,-78.786096,183.2,09/03/2026,23:30:88.000 UTC,VALID
43.001692,-78.78608,183.2,09/03/2026,,VALID
43.001692,-78.78608,183.3,09/03/2026,,VALID
43.001688,-78.786056,183.3,09/03/2026,23:31:08.000 UTC,VALID
43.001688,-78.786056,183.5,09/03/2026,23:31:08.000 UTC,VALID
43.001688,-78.78604,183.5,09/03/2026,23:31:18.000 UTC,VALID
43.001688,-78.78604,183.5,09/03/2026,23:31:18.000 UTC,VALID
43.001688,-78.786024,183.5,09/03/2026,23:31:28.000 UTC,VALID
43.001688,-78.786024,183.1,09/03/2026,23:31:28.000 UTC,VALID
43.001688,-78.786008,183.1,09/03/2026,23:31:38.000 UTC,VALID
43.001688,-78.786008,183.1,09/03/2026,23:31:38.000 UTC,VALID
43.001688,-78.785992,183.1,09/03/2026,23:31:48.000 UTC,VALID
43.001688,-78.785992,183.3,09/03/2026,23:31:48.000 UTC,VALID
43.001684,-78.785976,183.3,09/03/2026,23:31:58.000 UTC,VALID
43.001684,-78.785976,183.2,09/03/2026,23:31:58.000 UTC,VALID
43.001676,-78.78596,183.2,09/03/2026,23:31:68.000 UTC,VALID
43.001676,-78.78596,182.9,09/03/2026,23:31:68.000 UTC,VALID
43.001672,-78.785952,182.9,09/03/2026,23:31:78.000 UTC,VALID
43.001672,-78.785952,182.9,09/03/2026,23:31:78.000 UTC,VALID
43.001668,-78.785928,182.9,09/03/2026,23:31:88.000 UTC,VALID
43.001668,-78.785928,183.1,09/03/2026,23:31:88.000 UTC,VALID
43.001664,-78.785912,183.1,09/03/2026,,VALID
43.001664,-78.785912,183.4,09/03/2026,,VALID
43.00166,-78.785896,183.4,09/03/2026,23:32:08.000 UTC,VALID
43.00166,-78.785896,183.5,09/03/2026,23:32:08.000 UTC,VALID
43.001656,-78.785872,183.5,09/03/2026,23:32:18.000 UTC,VALID
43.001656,-78.785872,183.4,09/03/2026,23:32:18.000 UTC,VALID
43.001656,-78.785856,183.4,09/03/2026,23:32:28.000 UTC,VALID
43.001656,-78.785856,183.7,09/03/2026,23:32:28.000 UTC,VALID
43.001652,-78.78584,183.7,09/03/2026,23:32:38.000 UTC,VALID
43.001652,-78.78584,184.1,09/03/2026,23:32:38.000 UTC,VALID
43.001652,-78.785824,184.1,09/03/2026,23:32:48.000 UTC,VALID
43.001652,-78.785824,184.1,09/03/2026,23:32:48.000 UTC,VALID
43.001656,-78.785808,184.1,09/03/2026,23:32:58.000 UTC,VALID
43.001656,-78.785808,183.9,09/03/2026,23:32:58.000 UTC,VALID
43.00166,-78.785792,183.9,09/03/2026,23:32:68.000 UTC,VALID
43.00166,-78.785792,184.0,09/03/2026,23:32:68.000 UTC,VALID
43.001668,-78.785776,184.0,09/03/2026,23:32:78.000 UTC,VALID
43.001668,-78.785776,184.4,09/03/2026,23:32:78.000 UTC,VALID
43.001676,-78.78576,184.4,09/03/2026,23:32:88.000 UTC,VALID
43.001676,-78.78576,184.9,09/03/2026,23:32:88.000 UTC,VALID
43.001684,-78.785752,184.9,09/03/2026,,VALID
43.001684,-78.785752,185.0,09/03/2026,,VALID
43.001692,-78.785744,185.0,09/03/2026,23:33:08.000 UTC,VALID
43.001692,-78.785744,184.9,09/03/2026,23:33:08.000 UTC,VALID
43.0017,-78.785744,184.9,09/03/2026,23:33:18.000 UTC,VALID
43.0017,-78.785744,184.9,09/03/2026,23:33:18.000 UTC,VALID
43.001712,-78.785752,184.9,09/03/2026,23:33:28.000 UTC,VALID
43.001712,-78.785752,185.0,09/03/2026,23:33:28.000 UTC,VALID
43.001724,-78.785752,185.0,09/03/2026,23:33:38.000 UTC,VALID
43.001724,-78.785752,185.3,09/03/2026,23:33:38.000 UTC,VALID
43.001736,-78.785768,185.3,09/03/2026,23:33:48.000 UTC,VALID
43.001736,-78.785768,185.6,09/03/2026,23:33:48.000 UTC,VALID
43.001744,-78.785776,185.6,09/03/2026,23:33:58.000 UTC,VALID
43.001744,-78.785776,186.0,09/03/2026,23:33:58.000 UTC,VALID
43.001748,-78.785792,186.0,09/03/2026,23:33:68.000 UTC,VALID
43.001748,-78.785792,186.0,09/03/2026,23:33:68.000 UTC,VALID
43.001748,-78.785808,186.0,09/03/2026,23:33:78.000 UTC,VALID
43.001748,-78.785808,185.7,09/03/2026,23:33:78.000 UTC,VALID
43.001748,-78.785816,185.7,09/03/2026,23:33:88.000 UTC,VALID
43.001748,-78.785816,185.2,09/03/2026,23:33:88.000 UTC,VALID
43.001744,-78.785824,185.2,09/03/2026,,VALID
43.001744,-78.785824,185.2,09/03/2026,,VALID
43.00174,-78.785848,185.2,09/03/2026,23:34:08.000 UTC,VALID
43.00174,-78.785848,185.6,09/03/2026,23:34:08.000 UTC,VALID
43.001736,-78.785864,185.6,09/03/2026,23:34:18.000 UTC,VALID
43.001736,-78.785864,185.3,09/03/2026,23:34:18.000 UTC,VALID
43.001736,-78.78588,185.3,09/03/2026,23:34:28.000 UTC,VALID
43.001736,-78.78588,185.1,09/03/2026,23:34:28.000 UTC,VALID
43.001736,-78.785896,185.1,09/03/2026,23:34:38.000 UTC,VALID
43.001736,-78.785896,185.3,09/03/2026,23:34:38.000 UTC,VALID
43.001736,-78.78592,185.3,09/03/2026,23:34:48.000 UTC,VALID
43.001736,-78.78592,185.7,09/03/2026,23:34:48.000 UTC,VALID
43.00174,-78.785936,185.7,09/03/2026,23:34:58.000 UTC,VALID
43.00174,-78.785936,186.0,09/03/2026,23:34:58.000 UTC,VALID
43.001744,-78.78596,186.0,09/03/2026,23:34:68.000 UTC,VALID
43.001744,-78.78596,185.8,09/03/2026,23:34:68.000 UTC,VALID
43.001748,-78.785976,185.8,09/03/2026,23:34:78.000 UTC,VALID
43.001748,-78.785976,185.4,09/03/2026,23:34:78.000 UTC,VALID
43.001748,-78.785984,185.4,09/03/2026,23:34:88.000 UTC,VALID
43.001748,-78.785984,185.1,09/03/2026,23:34:88.000 UTC,VALID
43.001752,-78.786,185.1,09/03/2026,,VALID
43.001752,-78.786,185.1,09/03/2026,,VALID
43.001756,-78.786016,185.1,09/03/2026,23:35:08.000 UTC,VALID
43.001756,-78.786016,185.3,09/03/2026,23:35:08.000 UTC,VALID
43.00176,-78.786032,185.3,09/03/2026,23:35:18.000 UTC,VALID
43.00176,-78.786032,185.2,09/03/2026,23:35:18.000 UTC,VALID
43.00176,-78.786048,185.2,09/03/2026,23:35:28.000 UTC,VALID
43.00176,-78.786048,184.7,09/03/2026,23:35:28.000 UTC,VALID
43.001764,-78.786064,184.7,09/03/2026,23:35:38.000 UTC,VALID
43.001764,-78.786064,184.4,09/03/2026,23:35:38.000 UTC,VALID
43.001768,-78.786088,184.4,09/03/2026,23:35:48.000 UTC,VALID
43.001768,-78.786088,184.5,09/03/2026,23:35:48.000 UTC,VALID
43.001772,-78.786104,184.5,09/03/2026,23:35:58.000 UTC,VALID
43.001772,-78.786104,184.4,09/03/2026,23:35:58.000 UTC,VALID
43.001772,-78.78612,184.4,09/03/2026,23:35:68.000 UTC,VALID
43.001772,-78.78612,184.1,09/03/2026,23:35:68.000 UTC,VALID
43.001772,-78.786144,184.1,09/03/2026,23:35:78.000 UTC,VALID
43.001772,-78.786144,183.5,09/03/2026,23:35:78.000 UTC,VALID
43.001772,-78.786152,183.5,09/03/2026,23:35:88.000 UTC,VALID
43.001772,-78.786152,183.5,09/03/2026,23:35:88.000 UTC,VALID
43.001768,-78.786168,183.5,09/03/2026,,VALID
43.001768,-78.786168,183.7,09/03/2026,,VALID
43.001772,-78.786192,183.7,09/03/2026,23:40:08.000 UTC,VALID
43.001772,-78.786192,183.9,09/03/2026,23:40:08.000 UTC,VALID
43.001772,-78.786208,183.9,09/03/2026,23:40:18.000 UTC,VALID
43.001772,-78.786208,183.9,09/03/2026,23:40:18.000 UTC,VALID
43.001772,-78.786224,183.9,09/03/2026,23:40:28.000 UTC,VALID
43.001772,-78.786224,183.7,09/03/2026,23:40:28.000 UTC,VALID
43.001772,-78.78624,183.7,09/03/2026,23:40:38.000 UTC,VALID
43.001772,-78.78624,183.8,09/03/2026,23:40:38.000 UTC,VALID
43.001772,-78.786264,183.8,09/03/2026,23:40:48.000 UTC,VALID
43.001772,-78.786264,184.0,09/03/2026,23:40:48.000 UTC,VALID
43.001772,-78.78628,184.0,09/03/2026,23:40:58.000 UTC,VALID
43.001772,-78.78628,184.3,09/03/2026,23:40:58.000 UTC,VALID
43.001772,-78.786296,184.3,09/03/2026,23:40:68.000 UTC,VALID
43.001772,-78.786296,184.2,09/03/2026,23:40:68.000 UTC,VALID
43.001772,-78.786312,184.2,09/03/2026,23:40:78.000 UTC,VALID
43.001772,-78.786312,184.0,09/03/2026,23:40:78.000 UTC,VALID
43.001772,-78.786328,184.0,09/03/2026,23:40:88.000 UTC,VALID
43.001772,-78.786328,183.4,09/03/2026,23:40:88.000 UTC,VALID
43.001768,-78.786344,183.4,09/03/2026,,VALID
43.001768,-78.786344,183.7,09/03/2026,,VALID
43.001768,-78.78636,183.7,09/03/2026,23:41:08.000 UTC,VALID
43.001768,-78.78636,183.5,09/03/2026,23:41:08.000 UTC,VALID
43.001772,-78.786376,183.5,09/03/2026,23:41:18.000 UTC,VALID
43.001772,-78.786376,183.2,09/03/2026,23:41:18.000 UTC,VALID
43.001772,-78.786392,183.2,09/03/2026,23:41:28.000 UTC,VALID
43.001772,-78.786392,182.9,09/03/2026,23:41:28.000 UTC,VALID
43.001772,-78.786416,182.9,09/03/2026,23:41:38.000 UTC,VALID
43.001772,-78.786416,182.7,09/03/2026,23:41:38.000 UTC,VALID
43.001772,-78.786432,182.7,09/03/2026,23:41:48.000 UTC,VALID
43.001772,-78.786432,183.1,09/03/2026,23:41:48.000 UTC,VALID
43.001772,-78.786448,183.1,09/03/2026,23:41:58.000 UTC,VALID
43.001772,-78.786448,183.1,09/03/2026,23:41:58.000 UTC,VALID
43.001772,-78.786472,183.1,09/03/2026,23:41:68.000 UTC,VALID
43.001772,-78.786472,183.2,09/03/2026,23:41:68.000 UTC,VALID
43.001772,-78.78648,183.2,09/03/2026,23:41:78.000 UTC,VALID
43.001772,-78.78648,183.3,09/03/2026,23:41:78.000 UTC,VALID
43.001772,-78.786496,183.3,09/03/2026,23:41:88.000 UTC,VALID
43.001772,-78.786496,183.6,09/03/2026,23:41:88.000 UTC,VALID
43.001772,-78.78652,183.6,09/03/2026,,VALID
43.001772,-78.78652,183.0,09/03/2026,,VALID
43.001768,-78.786536,183.0,09/03/2026,23:42:08.000 UTC,VALID
43.001768,-78.786536,183.0,09/03/2026,23:42:08.000 UTC,VALID
43.001768,-78.78656,183.0,09/03/2026,23:42:18.000 UTC,VALID
43.001768,-78.78656,182.9,09/03/2026,23:42:18.000 UTC,VALID
43.001772,-78.786576,182.9,09/03/2026,23:42:28.000 UTC,VALID
43.001772,-78.786576,182.7,09/03/2026,23:42:28.000 UTC,VALID
43.001772,-78.786592,182.7,09/03/2026,23:42:38.000 UTC,VALID
43.001772,-78.786592,182.5,09/03/2026,23:42:38.000 UTC,VALID
43.001772,-78.786616,182.5,09/03/2026,23:42:48.000 UTC,VALID
43.001772,-78.786616,182.2,09/03/2026,23:42:48.000 UTC,VALID
43.001772,-78.786632,182.2,09/03/2026,23:42:58.000 UTC,VALID
43.001772,-78.786632,181.8,09/03/2026,23:42:58.000 UTC,VALID
43.001776,-78.78664,181.8,09/03/2026,23:42:68.000 UTC,VALID
43.001776,-78.78664,182.2,09/03/2026,23:42:68.000 UTC,VALID
43.00178,-78.786656,182.2,09/03/2026,23:42:78.000 UTC,VALID
43.00178,-78.786656,182.6,09/03/2026,23:42:78.000 UTC,VALID
43.001792,-78.786672,182.6,09/03/2026,23:42:88.000 UTC,VALID
43.001792,-78.786672,183.2,09/03/2026,23:42:88.000 UTC,VALID
43.001804,-78.78668,183.2,09/03/2026,,VALID
43.001804,-78.78668,183.2,09/03/2026,,VALID
43.001816,-78.786688,183.2,09/03/2026,23:43:08.000 UTC,VALID
43.001816,-78.786688,183.1,09/03/2026,23:43:08.000 UTC,VALID
43.001828,-78.786696,183.1,09/03/2026,23:43:18.000 UTC,VALID
43.001828,-78.786696,183.2,09/03/2026,23:43:18.000 UTC,VALID
43.00184,-78.786704,183.2,09/03/2026,23:43:28.000 UTC,VALID
43.00184,-78.786704,183.7,09/03/2026,23:43:28.000 UTC,VALID
43.001852,-78.786704,183.7,09/03/2026,23:43:38.000 UTC,VALID
43.001852,-78.786704,183.8,09/03/2026,23:43:38.000 UTC,VALID
43.00186,-78.786712,183.8,09/03/2026,23:43:48.000 UTC,VALID
43.00186,-78.786712,183.8,09/03/2026,23:43:48.000 UTC,VALID
43.001872,-78.786712,183.8,09/03/2026,23:43:58.000 UTC,VALID
43.001872,-78.786712,183.5,09/03/2026,23:43:58.000 UTC,VALID
43.001884,-78.786712,183.5,09/03/2026,23:43:68.000 UTC,VALID
43.001884,-78.786712,183.4,09/03/2026,23:43:68.000 UTC,VALID
43.0019,-78.786712,183.4,09/03/2026,23:43:78.000 UTC,VALID
43.0019,-78.786712,183.7,09/03/2026,23:43:78.000 UTC,VALID
43.001912,-78.786712,183.7,09/03/2026,23:43:88.000 UTC,VALID
43.001912,-78.786712,184.2,09/03/2026,23:43:88.000 UTC,VALID
43.001924,-78.78672,184.2,09/03/2026,,VALID
43.001924,-78.78672,184.3,09/03/2026,,VALID
43.001936,-78.78672,184.3,09/03/2026,23:44:08.000 UTC,VALID
43.001936,-78.78672,184.2,09/03/2026,23:44:08.000 UTC,VALID
43.001948,-78.78672,184.2,09/03/2026,23:44:18.000 UTC,VALID
43.001948,-78.78672,183.8,09/03/2026,23:44:18.000 UTC,VALID
43.00196,-78.786728,183.8,09/03/2026,23:44:28.000 UTC,VALID
43.00196,-78.786728,183.5,09/03/2026,23:44:28.000 UTC,VALID
43.001976,-78.786728,183.5,09/03/2026,23:44:38.000 UTC,VALID
43.001976,-78.786728,183.8,09/03/2026,23:44:38.000 UTC,VALID
43.001988,-78.786728,183.8,09/03/2026,23:44:48.000 UTC,VALID
43.001988,-78.786728,183.7,09/03/2026,23:44:48.000 UTC,VALID
43.002,-78.786728,183.7,09/03/2026,23:44:58.000 UTC,VALID
43.002,-78.786728,183.1,09/03/2026,23:44:58.000 UTC,VALID
43.002012,-78.786736,183.1,09/03/2026,23:44:68.000 UTC,VALID
43.002012,-78.786736,182.9,09/03/2026,23:44:68.000 UTC,VALID
43.002016,-78.786736,182.9,09/03/2026,23:44:78.000 UTC,VALID
43.002016,-78.786736,183.0,09/03/2026,23:44:78.000 UTC,VALID
43.002028,-78.786744,183.0,09/03/2026,23:44:88.000 UTC,VALID
43.002028,-78.786744,182.8,09/03/2026,23:44:88.000 UTC,VALID
43.002036,-78.786744,182.8,09/03/2026,,VALID
43.002036,-78.786744,182.9,09/03/2026,,VALID
